{
  "test_loss": 0.5190001130104065,
  "test_accuracy": 0.8424999713897705,
  "test_error": 0.1575000137090683,
  "test_f1": 0.8424999713897705
}